"Rep_Image_Info_Id","Oldfilename","newfilename","imagepath","videourl","Receipe_Id","User_Id","Lastupdateddate"
17,"PHOTO-2023-03-22-14-19-45.jpg","643431b29e0f5.jpg","uploads/643431b29e0f5.jpg","https://www.youtube.com/watch?v=bcnPfcJnYr0",19,6,"2023-04-10 11:56:34"
18,"Images1.jpg","64457afc3da0f.jpg","uploads/64457afc3da0f.jpg","https://www.youtube.com/watch?v=LPPcNPdq_j4",20,6,"2023-04-23 14:37:48"
19,"Classic Beef Burger.jpg","64457e35038ca.jpg","uploads/64457e35038ca.jpg","https://www.youtube.com/watch?v=LPPcNPdq_j4",21,6,"2023-04-23 14:51:33"
21,"Margherita Pizza.jpg","64459574c233e.jpg","uploads/64459574c233e.jpg","https://www.youtube.com/watch?v=vcfNpDtVqOw",23,6,"2023-04-23 16:30:44"
22,"Falafel.jpg","6445a312ab79a.jpg","uploads/6445a312ab79a.jpg","https://www.youtube.com/watch?v=ff3IjiYs7K4",24,6,"2023-04-23 17:28:50"
23,"Muhammara.jpg","6445a4184f8de.jpg","uploads/6445a4184f8de.jpg","https://www.youtube.com/watch?v=FetbU_N8rk8",25,6,"2023-04-23 17:33:12"
24,"Caprese Skewers.jpg","6445abde2908a.jpg","uploads/6445abde2908a.jpg","https://www.youtube.com/watch?v=cdOpzer1U6Y&pp=ygUWY2FwcmVzZSBza2V3ZXJzIHJlY2lwZQ%3D%3D",26,6,"2023-04-23 18:06:22"
25,"Guacamole.jpg","6445ad2db887e.jpg","uploads/6445ad2db887e.jpg","https://www.youtube.com/watch?v=23tGra9KBa0&pp=ygUQR3VhY2Ftb2xlIHJlY2lwZQ%3D%3D",27,6,"2023-04-23 18:11:57"
26,"Khobz.jpg","6445af0814458.jpg","uploads/6445af0814458.jpg","https://www.youtube.com/watch?v=hmkIvCCHhag&pp=ygUMa2hvYnogcmVjaXBl",28,6,"2023-04-23 18:19:52"
27,"Naan Bread.jpg","6445afca4b957.jpg","uploads/6445afca4b957.jpg","https://www.youtube.com/watch?v=nZAwAYJVA5w&pp=ygURTmFhbiBCcmVhZCByZWNpcGU%3D",29,6,"2023-04-23 18:23:06"
28,"Cornbread.jpg","6445b2b1a301a.jpg","uploads/6445b2b1a301a.jpg","https://www.youtube.com/watch?v=16YfyByvLZg&pp=ygUQY29ybmJyZWFkIHJlY2lwZQ%3D%3D",30,6,"2023-04-23 18:35:29"
29,"Fattoush Salad.jpg","6445c3814dbad.jpg","uploads/6445c3814dbad.jpg","https://www.youtube.com/watch?v=2VwJwYxK5IM&pp=ygUVZmF0dG91c2ggc2FsYWQgcmVjaXBl",31,6,"2023-04-23 19:47:13"
30,"Papaya Salad.jpg","6445c45e48b97.jpg","uploads/6445c45e48b97.jpg","https://www.youtube.com/watch?v=Wvv0dqZ_xa4&pp=ygUTcGFwYXlhIHNhbGFkIHJlY2lwZQ%3D%3D",32,6,"2023-04-23 19:50:54"
31,"Panzanella Salad.jpg","6445c55733cef.jpg","uploads/6445c55733cef.jpg","https://www.youtube.com/watch?v=J-Rn9DN3IjU&pp=ygUYUGFuemFuZWxsYSBTYWxhZCAgcmVjaXBl",33,6,"2023-04-23 19:55:03"
32,"Southwestern Black Bean Salad.jpg","6445c64156b9d.jpg","uploads/6445c64156b9d.jpg","https://www.youtube.com/watch?v=wMoCJ4HGQE8&pp=ygUlU291dGh3ZXN0ZXJuIEJsYWNrIEJlYW4gU2FsYWQgIHJlY2lwZQ%3D%3D",34,6,"2023-04-23 19:58:57"
